{"cameraMode":{"drawMode":0,"name":"Shaded","section":"Shading Mode"},"sceneLighting":true,"audioPlay":false,"sceneViewState":{"m_AlwaysRefresh":false,"showFog":true,"showSkybox":true,"showFlares":true,"showImageEffects":true,"showParticleSystems":true,"showVisualEffectGraphs":true,"m_FxEnabled":true},"in2DMode":false,"pivot":{"x":0.47626909613609316,"y":-0.7689495086669922,"z":-2.2974486351013185},"rotation":{"x":0.06506343930959702,"y":-0.004777431488037109,"z":0.00031112172291614115,"w":0.9978770017623901},"size":3.1410295963287355,"orthographic":false}